row,col,fitted_celltype,state
37927.84285714286,26882.22857142857,Tumor cells,8
37969.0,26881.5,Stromal cells (undefined),6
37982.69411764706,26883.058823529413,Stromal cells (undefined),6
38108.4367816092,26882.701149425287,Tumor cells,8
38136.28767123288,26882.19178082192,Stromal cells (undefined),6
38016.46540880503,26884.490566037737,Stromal cells (undefined),6
37955.63878326996,26885.661596958176,Stromal cells (undefined),6
38078.26315789474,26884.690789473683,Stromal cells (undefined),6
37916.78612716763,26886.41040462428,T cells (other),7
38029.74796747968,26886.31707317073,Stromal cells (undefined),6
37902.90625,26885.729166666668,T cells (other),7
37994.46090534979,26887.683127572014,Tumor cells,8
38039.63783783784,26891.44864864865,Stromal cells (undefined),6
38062.614795918365,26890.10714285714,Tumor cells,8
37934.53418803419,26893.10683760684,Endothelial cells,1
38102.472727272725,26894.369696969698,Stromal cells (undefined),6
38019.4,26895.77575757576,Tumor cells,8
38055.74380165289,26899.99173553719,Stromal cells (undefined),6
38003.861940298506,26897.43283582089,Tumor cells,8
38134.58947368421,26896.657894736843,Tumor cells,8
37899.21680216802,26895.9864498645,T cells (other),7
37989.71153846154,26902.04807692308,Stromal cells (undefined),6
38113.67692307692,26902.010256410256,Tumor cells,8
37889.89361702128,26905.702127659573,Tumor cells,8
38036.68595041322,26903.80991735537,Tumor cells,8
38080.01960784314,26902.91176470588,Stromal cells (undefined),6
38124.45967741936,26905.120967741936,Tumor cells,8
37975.30370370371,26905.71851851852,Stromal cells (undefined),6
38023.905263157896,26907.326315789476,Stromal cells (undefined),6
37961.914414414416,26906.96846846847,T cells (other),7
37916.547738693465,26907.22110552764,Cytotoxic T cells,0
37901.14792899408,26909.686390532544,Helper T cells,2
38069.57357357357,26910.69369369369,Stromal cells (undefined),6
37992.49635036496,26914.5401459854,Stromal cells (undefined),6
38037.64502164503,26918.14285714286,Tumor cells,8
37893.954081632655,26919.530612244896,Endothelial cells,1
37924.79228486647,26918.61721068249,Cytotoxic T cells,0
37979.65898617511,26920.09677419355,Stromal cells (undefined),6
37908.688888888886,26921.755555555555,Helper T cells,2
37964.5421686747,26921.95582329317,Tumor cells,8
38083.17307692308,26920.552884615383,Stromal cells (undefined),6
38052.14102564102,26923.102564102563,Stromal cells (undefined),6
38133.26991150442,26923.451327433628,Endothelial cells,1
37996.38888888889,26924.590277777777,Stromal cells (undefined),6
38118.34756097561,26924.658536585364,Stromal cells (undefined),6
38026.88105726872,26924.11894273128,Endothelial cells,1
38010.93532338309,26926.42786069652,Cytotoxic T cells,0
37984.91891891892,26929.45945945946,Stromal cells (undefined),6
37933.732954545456,26929.852272727272,Stromal cells (undefined),6
38076.78488372093,26930.029069767443,Stromal cells (undefined),6
37894.0773480663,26933.28729281768,Helper T cells,2
37972.68235294118,26932.61176470588,Stromal cells (undefined),6
38095.0625,26936.9375,Stromal cells (undefined),6
38003.52995391705,26937.543778801843,Stromal cells (undefined),6
37987.0495049505,26938.37623762376,Endothelial cells,1
38047.28571428572,26938.12554112554,Stromal cells (undefined),6
38127.19741100324,26938.893203883497,Stromal cells (undefined),6
38140.859375,26941.53125,Stromal cells (undefined),6
38018.13953488372,26945.3023255814,Stromal cells (undefined),6
37970.51960784314,26945.803921568626,Endothelial cells,1
37896.38644067797,26948.09491525424,Helper T cells,2
38109.06914893617,26948.13829787234,Stromal cells (undefined),6
37924.26754385965,26949.495614035088,Cytotoxic T cells,0
37910.789699570814,26951.59227467811,Stromal cells (undefined),6
38068.140684410646,26952.045627376425,Tumor cells,8
38131.81621621622,26952.443243243244,Stromal cells (undefined),6
37995.37057220708,26956.231607629423,Stromal cells (undefined),6
38033.21912350597,26955.988047808765,Tumor cells,8
37968.86607142857,26957.96875,Stromal cells (undefined),6
38096.956666666665,26957.066666666666,Stromal cells (undefined),6
38116.90206185567,26958.5412371134,Stromal cells (undefined),6
37929.85889570552,26964.34355828221,Stromal cells (undefined),6
37998.54347826087,26968.152173913044,Stromal cells (undefined),6
37905.8431372549,26966.5637254902,Helper T cells,2
37958.11842105263,26967.924342105263,Tumor cells,8
38012.21578947368,26967.605263157893,Tumor cells,8
38071.32487309645,26969.274111675128,Stromal cells (undefined),6
38132.78231292517,26969.10884353741,Stromal cells (undefined),6
37983.78297872341,26971.87234042553,Endothelial cells,1
37892.89221556886,26972.76047904192,Helper T cells,2
38046.723051409615,26971.683250414597,Tumor cells,8
37948.5652173913,26975.14285714286,Tumor cells,8
37907.7125,26979.716666666667,Helper T cells,2
37924.688524590165,26978.27868852459,Tumor cells,8
37972.06134969325,26979.889570552143,Endothelial cells,1
38005.066666666666,26981.35714285714,Tumor cells,8
37940.5198019802,26982.787128712876,Stromal cells (undefined),6
38073.86363636364,26983.795454545456,Stromal cells (undefined),6
38136.01809954751,26987.778280542985,Stromal cells (undefined),6
38010.22093023256,26990.918604651164,Tumor cells,8
38107.03018867925,26990.39622641509,Stromal cells (undefined),6
37893.236363636366,26990.86363636364,Macrophages (CD163-),4
37906.31313131313,26992.156565656565,Helper T cells,2
37936.50185873606,26995.13011152416,Tumor cells,8
38055.54857142857,26992.217142857146,Endothelial cells,1
38075.26865671642,26992.412935323384,Stromal cells (undefined),6
37971.53185595568,26996.38504155125,Tumor cells,8
37920.03773584906,26998.50566037736,Helper T cells,2
37995.767515923566,27000.2898089172,Tumor cells,8
38135.93043478261,27002.75652173913,Tumor cells,8
37896.46105919004,27005.669781931465,Macrophages (CD163+),3
37910.528735632186,27006.091954022988,Macrophages (CD163-),4
38010.23875432526,27006.8062283737,Helper T cells,2
38053.09523809524,27005.42857142857,Helper T cells,2
38030.87234042553,27006.693009118542,Endothelial cells,1
37963.523489932886,27008.79865771812,Tumor cells,8
37937.28191489362,27011.521276595744,Stromal cells (undefined),6
38107.99411764706,27012.17058823529,Stromal cells (undefined),6
38001.5,27015.5,Helper T cells,2
37975.21951219512,27016.78048780488,Stromal cells (undefined),6
38126.89417989418,27018.05291005291,Tumor cells,8
37958.94972067039,27018.648044692734,Cytotoxic T cells,0
37932.03409090909,27021.227272727272,Cytotoxic T cells,0
38141.181818181816,27018.56363636364,Tumor cells,8
37918.731517509725,27021.33073929961,Tumor cells,8
38071.41134751773,27021.457446808512,Stromal cells (undefined),6
38026.31818181818,27019.761363636364,Stromal cells (undefined),6
38052.00436681222,27023.68995633188,Endothelial cells,1
37967.4375,27029.165178571428,Cytotoxic T cells,0
38106.10362694301,27027.20207253886,Stromal cells (undefined),6
37985.140127388535,27029.45859872612,Stromal cells (undefined),6
38088.9313304721,27029.61802575107,Endothelial cells,1
38120.21556886227,27029.922155688622,Endothelial cells,1
38025.57575757576,27030.17316017316,Stromal cells (undefined),6
37892.67796610169,27031.330508474577,Cytotoxic T cells,0
38003.32258064516,27032.687096774192,Tumor cells,8
38038.36842105263,27034.70175438597,Stromal cells (undefined),6
38070.135802469136,27035.24279835391,T cells (other),7
38050.82467532468,27037.24025974026,Cytotoxic T cells,0
38133.95609756098,27037.0,Tumor cells,8
38098.275132275136,27040.232804232804,Stromal cells (undefined),6
38111.45569620253,27040.91772151899,Stromal cells (undefined),6
37895.21495327103,27043.644859813085,Cytotoxic T cells,0
37907.95070422535,27043.570422535213,Cytotoxic T cells,0
38062.23722627737,27047.492700729927,Cytotoxic T cells,0
38140.07070707071,27047.353535353537,Stromal cells (undefined),6
38080.62068965517,27049.306896551723,Tumor cells,8
38127.41884816754,27048.47643979057,Tumor cells,8
37966.28195488722,27050.14285714286,Cytotoxic T cells,0
38009.85655737705,27049.29098360656,Cytotoxic T cells,0
38024.95220588235,27051.466911764703,Cytotoxic T cells,0
38099.50427350427,27051.36752136752,Tumor cells,8
37916.41666666666,27053.3125,Cytotoxic T cells,0
37999.11309523809,27056.61309523809,Cytotoxic T cells,0
38059.69683257918,27061.25791855204,Cytotoxic T cells,0
38117.9520383693,27060.17505995204,Endothelial cells,1
37986.91555555556,27060.16,Endothelial cells,1
38091.34193548387,27062.641935483876,Endothelial cells,1
38136.84166666667,27060.45,Tumor cells,8
38018.82051282052,27063.94871794872,Cytotoxic T cells,0
37973.48760330579,27064.53305785124,Endothelial cells,1
37892.51724137931,27065.201149425287,Helper T cells,2
38141.48888888889,27068.022222222226,Stromal cells (undefined),6
38004.80876494024,27068.705179282868,T cells (other),7
38031.91320754717,27072.04528301887,Cytotoxic T cells,0
38132.38775510204,27075.36054421769,T cells (other),7
37953.67832167832,27078.03846153846,Cytotoxic T cells,0
38017.80952380953,27078.108225108223,Tumor cells,8
37981.59701492537,27078.910447761195,T cells (other),7
38046.125714285714,27078.394285714287,Neutrophils,5
37995.67346938775,27078.632653061224,Tumor cells,8
38075.67768595041,27080.822314049587,Neutrophils,5
37972.22857142857,27083.18857142857,Stromal cells (undefined),6
38092.66860465116,27084.767441860466,Helper T cells,2
37923.16271186441,27085.57627118644,Stromal cells (undefined),6
38109.884057971016,27086.440579710143,Endothelial cells,1
37940.46739130434,27087.73369565217,Stromal cells (undefined),6
37991.63562753036,27089.78947368421,Macrophages (CD163+),3
38056.20967741936,27088.893548387096,Cytotoxic T cells,0
38019.08262108262,27091.390313390315,Macrophages (CD163-),4
38071.84615384616,27092.80769230769,Macrophages (CD163+),3
37911.68586387434,27095.81151832461,Endothelial cells,1
38097.55212355212,27097.59073359073,Cytotoxic T cells,0
37897.54666666667,27097.34,Cytotoxic T cells,0
38038.07878787879,27099.40606060606,T cells (other),7
38126.28911564626,27100.94557823129,Tumor cells,8
37928.95731707317,27102.41768292683,Cytotoxic T cells,0
38062.643939393936,27104.73232323232,Neutrophils,5
38138.94318181818,27106.329545454544,Stromal cells (undefined),6
37903.75384615385,27108.08205128205,Endothelial cells,1
38103.10731707317,27109.658536585364,Cytotoxic T cells,0
38085.86852589642,27111.53386454183,Cytotoxic T cells,0
37980.16463414634,27110.634146341465,Tumor cells,8
37993.17615176152,27111.91056910569,Tumor cells,8
38008.65181058496,27111.46239554317,Tumor cells,8
38041.382352941175,27113.878151260506,Cytotoxic T cells,0
38057.47345132743,27117.38495575221,Cytotoxic T cells,0
38112.31632653061,27117.48979591837,Macrophages (CD163-),4
38128.27403846154,27117.16826923077,Neutrophils,5
37929.502538071065,27118.426395939085,Tumor cells,8
38022.15762273902,27119.34625322997,Tumor cells,8
38097.41584158416,27119.336633663366,Tumor cells,8
37951.80530973451,27118.15044247788,Tumor cells,8
37967.067019400354,27117.74074074074,Tumor cells,8
38074.544554455446,27125.422442244224,Cytotoxic T cells,0
38134.55244755245,27127.79020979021,Neutrophils,5
38058.958333333336,27129.0,Tumor cells,8
38102.083333333336,27129.128205128207,Neutrophils,5
37938.66860465116,27127.316860465115,Tumor cells,8
37984.48339483395,27128.630996309963,Tumor cells,8
38039.592039801,27128.592039800995,Tumor cells,8
37912.117647058825,27127.581176470587,Tumor cells,8
38005.304932735424,27129.81614349776,Tumor cells,8
38089.09316770186,27129.950310559005,Cytotoxic T cells,0
37956.31868131869,27132.16483516484,Tumor cells,8
38065.21428571428,27133.0,Tumor cells,8
